<?xml version="1.0" encoding="UTF-8"?>
<project-record><meta><keyname>Projeto PHP</keyname><title>PHP</title><subtitle>intro PHP</subtitle><begindate>2016-01-01</begindate><enddate>2016-01-21</enddate><supervisor><name>Sergio</name><email>hhhh@hhh.com</email><department>DI</department></supervisor></meta><workteam><member><name>RicardoPeixoto</name><identifier>O65221</identifier><email>O652212@gmail.com</email></member><member><name>IVONE</name><identifier>O90888</identifier><email>O90888@gmail.com</email></member></workteam><abstract>fxzxdgcffcg</abstract><deliverables><file path="Tema.pdf">Tema.pdf</file><file path="referências_propinas15-16.pdf">referências_propinas15-16.pdf</file></deliverables></project-record>
